firstName,lastName,email,country
Waldo,Morteo,wmorteo0@toplist.cz,Benin
Anselm,Tabbernor,atabbernor1@biglobe.ne.jp,Ukraine
Jane,Razoux,jrazoux2@webnode.com,Ukraine
Xavier,Adamski,xadamski3@free.fr,Indonesia
Adan,Griffith,agriffith4@rambler.ru,Indonesia
Lea,Queenborough,lqueenborough5@toplist.cz,United States
Diandra,Nadin,dnadin6@cnet.com,Kazakhstan
Dareen,Connue,dconnue7@blogtalkradio.com,Indonesia
Bab,Audibert,baudibert8@google.cn,Albania
Issie,Hargrave,ihargrave9@ehow.com,Russia
Yard,McGurn,ymcgurna@washington.edu,Czech Republic
Suzy,Hercules,sherculesb@last.fm,Indonesia
Allayne,Mongan,amonganc@yellowbook.com,China
Chickie,Greenlies,cgreenliesd@istockphoto.com,Indonesia
Marve,Paye,mpayee@wunderground.com,China
Kai,Stolting,kstoltingf@tinyurl.com,Sweden
Ken,MacConnal,kmacconnalg@usatoday.com,France
Brittni,De Dei,bdedeih@dmoz.org,Peru
Mitchel,Kilmaster,mkilmasteri@gizmodo.com,Thailand
Clarance,Yegorov,cyegorovj@usnews.com,Albania
Terrie,Shoemark,tshoemarkk@webmd.com,China
Amye,Proswell,aproswelll@constantcontact.com,Canada
Sayre,Sandall,ssandallm@webnode.com,Argentina
Bryna,Eaglesham,beagleshamn@twitter.com,France
Agnola,Bridson,abridsono@flavors.me,Dominican Republic
Tabbie,Pisco,tpiscop@shutterfly.com,Ukraine
Belle,Waddup,bwaddupq@wordpress.org,Bosnia and Herzegovina
Rutter,Solano,rsolanor@disqus.com,Jordan
Mildrid,Leonida,mleonidas@imgur.com,Indonesia
Bibby,MacGillicuddy,bmacgillicuddyt@networkadvertising.org,Costa Rica
Erhard,Wilkennson,ewilkennsonu@skype.com,Philippines
Luelle,Abramski,labramskiv@youtube.com,Greece
Daniela,Prazer,dprazerw@mail.ru,Belarus
Boycie,Tolworthy,btolworthyx@businessweek.com,China
Desiree,Spradbery,dspradberyy@dell.com,China
Kain,Illesley,killesleyz@about.com,Bangladesh
Lamar,Maffezzoli,lmaffezzoli10@gov.uk,China
Dalt,McSpirron,dmcspirron11@biblegateway.com,Sudan
Rayshell,Lyosik,rlyosik12@kickstarter.com,Benin
Georgiana,Messitt,gmessitt13@sfgate.com,Mexico
Thurston,Hartless,thartless14@scribd.com,Indonesia
Dianne,Shearer,dshearer15@state.tx.us,Portugal
Stewart,Keenan,skeenan16@bluehost.com,China
Drusi,Unthank,dunthank17@npr.org,Brazil
Romola,Gourlay,rgourlay18@hexun.com,Philippines
Prentiss,Heersma,pheersma19@sbwire.com,China
Elsinore,Cocci,ecocci1a@eventbrite.com,Brazil
Misty,Balazs,mbalazs1b@tripadvisor.com,China
Cole,Whimper,cwhimper1c@feedburner.com,China
Juliann,Fawloe,jfawloe1d@hugedomains.com,Portugal
Christos,Hansana,chansana1e@etsy.com,Sweden
Merrili,McTurk,mmcturk1f@mtv.com,Belarus
Evey,Dorking,edorking1g@ustream.tv,Portugal
Benita,Rebeiro,brebeiro1h@dyndns.org,Argentina
Karel,Braunstein,kbraunstein1i@prnewswire.com,Ukraine
Bethanne,Georghiou,bgeorghiou1j@engadget.com,France
Anastasia,Furneaux,afurneaux1k@yandex.ru,China
Trace,Duddridge,tduddridge1l@princeton.edu,Venezuela
Lorry,Dymond,ldymond1m@jiathis.com,China
Diarmid,Ratchford,dratchford1n@sogou.com,Yemen
Dorris,Gotcliff,dgotcliff1o@bloglovin.com,Greece
Perle,Malham,pmalham1p@ucoz.com,China
Joseito,Wildey,jwildey1q@wisc.edu,Nigeria
Brittni,Redwall,bredwall1r@wired.com,China
Mariquilla,Este,meste1s@discovery.com,Philippines
Agustin,Pitson,apitson1t@github.com,Indonesia
Dedra,Squier,dsquier1u@cbc.ca,China
Emery,Bielfeldt,ebielfeldt1v@ustream.tv,Philippines
Brandais,Messenbird,bmessenbird1w@opera.com,China
Carleen,Fehely,cfehely1x@networkadvertising.org,Yemen
Benjy,Huzzey,bhuzzey1y@eepurl.com,Indonesia
Starlin,Haggie,shaggie1z@google.com,Czech Republic
Karola,Bagnold,kbagnold20@xrea.com,Russia
Lanae,Longridge,llongridge21@bloglines.com,Russia
Alameda,Blackford,ablackford22@photobucket.com,Poland
Terra,Beaby,tbeaby23@spiegel.de,Russia
Avis,Blacker,ablacker24@soup.io,Cameroon
Frederica,Gooden,fgooden25@redcross.org,Sweden
Adrian,Burgher,aburgher26@mapquest.com,Albania
Toddie,Lynnett,tlynnett27@pagesperso-orange.fr,Mauritania
Auroora,Bucklee,abucklee28@g.co,Indonesia
Milt,Cluderay,mcluderay29@oakley.com,Indonesia
Dorian,Paterno,dpaterno2a@cocolog-nifty.com,Indonesia
Aron,Oats,aoats2b@tripod.com,Argentina
Gualterio,Tunesi,gtunesi2c@exblog.jp,Poland
Lambert,Berkery,lberkery2d@paypal.com,Netherlands
King,Carson,kcarson2e@multiply.com,Niger
Amabelle,Schuh,aschuh2f@ebay.com,Micronesia
Amitie,Ashall,aashall2g@google.de,China
Francisca,McFade,fmcfade2h@g.co,Argentina
Thurstan,O'Nowlan,tonowlan2i@umich.edu,Serbia
Kandace,Sieve,ksieve2j@nature.com,Estonia
Cloe,Berthe,cberthe2k@usa.gov,Peru
Raf,Spilsted,rspilsted2l@phpbb.com,Russia
Fayth,Lissimore,flissimore2m@economist.com,Benin
Shepard,Forri,sforri2n@japanpost.jp,Tanzania
Nickolai,McVeigh,nmcveigh2o@technorati.com,Indonesia
Norby,Nicklin,nnicklin2p@issuu.com,Philippines
Brianne,McKeown,bmckeown2q@netvibes.com,Haiti
Dolph,Glowacz,dglowacz2r@mayoclinic.com,United Kingdom
Maribeth,Wyeth,mwyeth2s@hp.com,Poland
Melvyn,Larcier,mlarcier2t@ifeng.com,China
Gloria,Shardlow,gshardlow2u@gizmodo.com,South Africa
Bernardina,Brompton,bbrompton2v@columbia.edu,Portugal
Luther,Huyche,lhuyche2w@macromedia.com,Panama
Jamesy,Mazdon,jmazdon2x@wikia.com,Vietnam
Lazar,Greir,lgreir2y@stumbleupon.com,Brazil
Mara,Flory,mflory2z@xing.com,Yemen
Sissie,Taggert,staggert30@amazonaws.com,China
Muriel,Lortzing,mlortzing31@de.vu,Japan
Alyse,Woolham,awoolham32@51.la,Sweden
Jarrod,Dunrige,jdunrige33@sourceforge.net,South Africa
Alfons,Hassett,ahassett34@java.com,Ukraine
Cozmo,Schruur,cschruur35@indiegogo.com,Serbia
Annis,McClure,amcclure36@topsy.com,Dominican Republic
Frazier,Ayto,fayto37@youtube.com,Saint Helena
Barty,Lewknor,blewknor38@issuu.com,China
Dalt,Gilbank,dgilbank39@linkedin.com,China
Rhodie,Lieb,rlieb3a@reddit.com,Ukraine
Arnuad,Villalta,avillalta3b@microsoft.com,Russia
Lawrence,Rollings,lrollings3c@mozilla.com,Poland
Rollo,Jerke,rjerke3d@fda.gov,Philippines
Charissa,Barke,cbarke3e@surveymonkey.com,China
Eadmund,Elger,eelger3f@4shared.com,Russia
Doe,Ricker,dricker3g@amazon.de,China
Sol,Spurden,sspurden3h@mapquest.com,Croatia
Margarethe,Scain,mscain3i@theatlantic.com,Indonesia
Yul,Corrison,ycorrison3j@com.com,Mexico
Minnie,Cramond,mcramond3k@soup.io,Brazil
Sayre,Druce,sdruce3l@bandcamp.com,Russia
Minda,Soar,msoar3m@prnewswire.com,China
Gianna,Greatorex,ggreatorex3n@mozilla.com,Thailand
Shell,Ponder,sponder3o@pen.io,China
Archambault,Abys,aabys3p@issuu.com,Argentina
Madge,Mallan,mmallan3q@wsj.com,Nigeria
Wayland,Renowden,wrenowden3r@pen.io,Comoros
Orella,Cuxon,ocuxon3s@intel.com,Russia
Zacharie,Fury,zfury3t@youku.com,Lithuania
Claudetta,Alelsandrowicz,calelsandrowicz3u@latimes.com,Colombia
Gelya,Gravatt,ggravatt3v@dedecms.com,Indonesia
Dorie,Rollings,drollings3w@nsw.gov.au,Poland
Hanan,Caccavale,hcaccavale3x@home.pl,China
Sandor,Clarkson,sclarkson3y@vimeo.com,Sweden
Joell,Chilcott,jchilcott3z@4shared.com,Iran
Sax,Lanceter,slanceter40@51.la,China
Trenton,Cridland,tcridland41@deviantart.com,China
Aime,Lehenmann,alehenmann42@posterous.com,Sweden
Chuck,Killby,ckillby43@php.net,Uzbekistan
Luella,Paulitschke,lpaulitschke44@sohu.com,Philippines
Gabie,McCarter,gmccarter45@mysql.com,Indonesia
Ebonee,Sandcroft,esandcroft46@ucla.edu,Philippines
Miller,Feaviour,mfeaviour47@dropbox.com,Peru
Tandy,Dowry,tdowry48@fotki.com,Russia
Baron,Moulsdale,bmoulsdale49@chron.com,Russia
Bucky,Bruun,bbruun4a@rambler.ru,Vietnam
Ximenez,Luchetti,xluchetti4b@bloglines.com,Peru
Bald,Clash,bclash4c@usda.gov,Portugal
Klarrisa,Leverett,kleverett4d@nationalgeographic.com,Chile
Constantia,Skunes,cskunes4e@reuters.com,Ukraine
Cally,Tallach,ctallach4f@skyrock.com,Colombia
Standford,Hofton,shofton4g@1und1.de,Mexico
Koral,Bownes,kbownes4h@economist.com,China
Orv,Formoy,oformoy4i@vk.com,Morocco
Bernie,Fresson,bfresson4j@buzzfeed.com,Czech Republic
Hester,Rraundl,hrraundl4k@sciencedirect.com,Tunisia
Banky,Treweek,btreweek4l@live.com,Japan
Marta,Nern,mnern4m@csmonitor.com,Indonesia
Marcella,Franzke,mfranzke4n@cbslocal.com,United States
Raoul,Achurch,rachurch4o@gizmodo.com,China
Bernie,Clements,bclements4p@goo.gl,Portugal
Ignace,Jameson,ijameson4q@unc.edu,Brazil
Nicolais,Tyrone,ntyrone4r@ustream.tv,Portugal
Vanny,Lanfere,vlanfere4s@deviantart.com,Portugal
Lynnette,Pritty,lpritty4t@joomla.org,Gambia
Melisa,Prinnett,mprinnett4u@myspace.com,Russia
Myrtice,Mucci,mmucci4v@dagondesign.com,Indonesia
Donna,Greetham,dgreetham4w@w3.org,Indonesia
Duke,Huggon,dhuggon4x@studiopress.com,China
Niccolo,Fomichyov,nfomichyov4y@indiatimes.com,Chile
Haskell,Gather,hgather4z@mysql.com,Portugal
Peterus,Irvin,pirvin50@blog.com,United States
Colby,Soots,csoots51@google.it,Zimbabwe
Fernandina,Lecount,flecount52@blinklist.com,China
Templeton,Capitano,tcapitano53@oakley.com,North Korea
De witt,Pope,dpope54@dot.gov,France
Cass,Flanagan,cflanagan55@oakley.com,Azerbaijan
Winnifred,Fern,wfern56@discovery.com,Ghana
Dillie,Edgeller,dedgeller57@nih.gov,Namibia
Mordecai,Gambie,mgambie58@jimdo.com,Brazil
Evangelin,Muddimer,emuddimer59@facebook.com,Colombia
Fonsie,Rawling,frawling5a@xinhuanet.com,China
Timmie,Elms,telms5b@mail.ru,Portugal
Kane,Leyburn,kleyburn5c@mlb.com,Indonesia
Andie,Sains,asains5d@reverbnation.com,China
Rosalinda,Meadowcroft,rmeadowcroft5e@blinklist.com,China
Pryce,Doogood,pdoogood5f@ox.ac.uk,China
Nicolai,Larenson,nlarenson5g@cbslocal.com,Brazil
Babita,Stanbra,bstanbra5h@ebay.co.uk,China
Kalila,Brownell,kbrownell5i@bloglovin.com,Senegal
Waverly,Batte,wbatte5j@plala.or.jp,Russia
Jereme,Treacher,jtreacher5k@xrea.com,Poland
Ike,Berthomieu,iberthomieu5l@bandcamp.com,Poland
Chloe,Ivchenko,civchenko5m@paypal.com,China
Jenny,Edworthy,jedworthy5n@theglobeandmail.com,Italy
Opaline,Wyrall,owyrall5o@fastcompany.com,Poland
Carolyne,Krause,ckrause5p@goo.gl,Brazil
Margie,Lockett,mlockett5q@creativecommons.org,Finland
Katee,Berndt,kberndt5r@last.fm,China
Catherine,Epp,cepp5s@histats.com,Vietnam
Dana,McKie,dmckie5t@biblegateway.com,China
Giulietta,Marjanovic,gmarjanovic5u@yelp.com,New Zealand
Richmound,Lenz,rlenz5v@oakley.com,Brazil
Celinda,Bullin,cbullin5w@rediff.com,Germany
Imelda,McMonies,imcmonies5x@deviantart.com,Indonesia
Jocelyne,Geill,jgeill5y@hud.gov,El Salvador
Zelig,Macro,zmacro5z@sogou.com,China
Cornelia,Camerati,ccamerati60@cafepress.com,Philippines
Brynn,Tambling,btambling61@reuters.com,Armenia
Daniella,Arnoldi,darnoldi62@home.pl,Mongolia
Bee,Arnaud,barnaud63@macromedia.com,Greece
Tremayne,Longcake,tlongcake64@twitter.com,Greece
Binky,Dudman,bdudman65@cloudflare.com,Armenia
Corbett,Challicombe,cchallicombe66@parallels.com,Nigeria
Miller,Goodbur,mgoodbur67@businessweek.com,Cuba
Currie,Masdon,cmasdon68@umich.edu,Iraq
Reta,Croutear,rcroutear69@feedburner.com,Indonesia
Bendicty,Cadore,bcadore6a@hp.com,Greece
Korie,Driuzzi,kdriuzzi6b@wix.com,Philippines
Upton,Gounin,ugounin6c@printfriendly.com,Jordan
Rudyard,Upjohn,rupjohn6d@google.com.hk,China
Margarethe,Malamore,mmalamore6e@cyberchimps.com,Poland
Denys,McEvoy,dmcevoy6f@zimbio.com,Czech Republic
Charlotta,Kloster,ckloster6g@mashable.com,France
Efren,Shields,eshields6h@privacy.gov.au,Guatemala
Clotilda,Glasman,cglasman6i@1und1.de,Indonesia
Carrol,Marron,cmarron6j@google.cn,Brazil
Leodora,Gainsford,lgainsford6k@eepurl.com,Brazil
Caria,Elstub,celstub6l@lulu.com,France
Samuele,Threadgall,sthreadgall6m@wikipedia.org,Russia
Emmey,Stitcher,estitcher6n@newyorker.com,Argentina
Candi,Steventon,csteventon6o@myspace.com,Sweden
Derward,Zorener,dzorener6p@hhs.gov,Ukraine
Mel,Burges,mburges6q@indiegogo.com,Angola
Vonni,Watsham,vwatsham6r@europa.eu,Indonesia
Britta,Saggs,bsaggs6s@xing.com,France
Phaedra,Vase,pvase6t@google.co.jp,Indonesia
Channa,Dirr,cdirr6u@state.tx.us,Russia
Pavla,Fedorchenko,pfedorchenko6v@mit.edu,Brazil
Robina,Sambells,rsambells6w@edublogs.org,Pakistan
Flynn,Pendrey,fpendrey6x@ehow.com,China
Cristal,Dureden,cdureden6y@whitehouse.gov,Sweden
Nikkie,Carmen,ncarmen6z@1und1.de,China
Mala,Keam,mkeam70@biglobe.ne.jp,Namibia
Martha,Bole,mbole71@thetimes.co.uk,Morocco
Gardiner,Fishlee,gfishlee72@pagesperso-orange.fr,China
Pryce,Palleske,ppalleske73@nature.com,Cambodia
Francene,Poultney,fpoultney74@hubpages.com,China
Zolly,Akett,zakett75@yellowpages.com,Afghanistan
Freemon,Pau,fpau76@go.com,Indonesia
Phillie,Goold,pgoold77@ucla.edu,China
Tallulah,Maudson,tmaudson78@chicagotribune.com,Ukraine
Trevor,Petrolli,tpetrolli79@dropbox.com,China
Tildy,Kalb,tkalb7a@globo.com,Indonesia
Katerina,Kayley,kkayley7b@noaa.gov,Sweden
April,Kingaby,akingaby7c@shutterfly.com,Poland
Lulu,Hawkshaw,lhawkshaw7d@deviantart.com,Indonesia
Jilly,Pointon,jpointon7e@edublogs.org,Poland
Abby,Melpuss,amelpuss7f@springer.com,China
Annecorinne,Riddiford,ariddiford7g@shop-pro.jp,Japan
Margarette,Reisk,mreisk7h@hibu.com,France
Terry,Ferrari,tferrari7i@bravesites.com,Greece
Andras,Phlippi,aphlippi7j@indiegogo.com,China
Mano,Hazeldene,mhazeldene7k@hc360.com,Philippines
Rutherford,Scamwell,rscamwell7l@army.mil,Greece
Elisabet,Byrth,ebyrth7m@nifty.com,Philippines
Tiffie,Kuhnel,tkuhnel7n@digg.com,China
Waylan,Matiewe,wmatiewe7o@wikimedia.org,South Korea
Henri,Auchinleck,hauchinleck7p@hexun.com,Micronesia
Saundra,Piers,spiers7q@icio.us,Libya
Durward,Corington,dcorington7r@odnoklassniki.ru,China
Tommie,Bendelow,tbendelow7s@usa.gov,China
Elisabetta,Guitt,eguitt7t@independent.co.uk,Philippines
Pepe,Gilffillan,pgilffillan7u@businessweek.com,Czech Republic
Magdalena,Cunnow,mcunnow7v@paypal.com,China
Esmeralda,McMurtyr,emcmurtyr7w@gravatar.com,Uzbekistan
Travers,Meachem,tmeachem7x@bloglovin.com,China
Bartholomeo,Grunwall,bgrunwall7y@clickbank.net,China
Sherie,Erricker,serricker7z@constantcontact.com,Poland
Caria,Lease,clease80@statcounter.com,China
Germana,Hoodless,ghoodless81@instagram.com,Philippines
Munmro,Pedlar,mpedlar82@columbia.edu,Venezuela
Berti,Gorioli,bgorioli83@hao123.com,Netherlands
Binnie,Hearsey,bhearsey84@technorati.com,Belarus
Julie,Hamel,jhamel85@myspace.com,Portugal
Rivalee,Gerholz,rgerholz86@xrea.com,Malaysia
Arlette,Guare,aguare87@redcross.org,Tunisia
Desiree,Dods,ddods88@flavors.me,Sri Lanka
Rici,Olivie,rolivie89@nbcnews.com,Ukraine
Darcey,Dabels,ddabels8a@answers.com,Philippines
Dolley,Bax,dbax8b@hexun.com,Czech Republic
Josefina,Jelks,jjelks8c@chron.com,Mexico
Vernon,Sturman,vsturman8d@trellian.com,China
Lawton,Raysdale,lraysdale8e@redcross.org,Saint Vincent and the Grenadines
Di,Castagne,dcastagne8f@wikimedia.org,Ecuador
Minne,Josovitz,mjosovitz8g@vkontakte.ru,Indonesia
Tyrus,Hawkswood,thawkswood8h@squidoo.com,Iran
Brandie,Magwood,bmagwood8i@patch.com,Thailand
Carita,Espinel,cespinel8j@imgur.com,Russia
Ellerey,Agnew,eagnew8k@unblog.fr,Indonesia
Peyton,Piecha,ppiecha8l@shutterfly.com,Indonesia
Shena,Moyce,smoyce8m@rakuten.co.jp,China
Yolane,Antoszczyk,yantoszczyk8n@csmonitor.com,China
Vachel,Cancellieri,vcancellieri8o@goodreads.com,Portugal
Jorie,Dukelow,jdukelow8p@google.nl,France
Gwendolin,Anthon,ganthon8q@merriam-webster.com,North Korea
Johna,Clyde,jclyde8r@berkeley.edu,China
Giustino,Braunstein,gbraunstein8s@furl.net,China
Alfonse,McConnal,amcconnal8t@globo.com,Argentina
Inness,Gilby,igilby8u@altervista.org,China
Graehme,Lymbourne,glymbourne8v@is.gd,Ecuador
Bibbye,MacKim,bmackim8w@edublogs.org,France
Hercules,Dicker,hdicker8x@whitehouse.gov,United States
Victoir,Denyagin,vdenyagin8y@nytimes.com,Mongolia
Oates,Jancey,ojancey8z@mac.com,Mauritius
Raddy,Galland,rgalland90@ehow.com,Philippines
Donall,Collinette,dcollinette91@tinyurl.com,Japan
Nanon,O'Moylan,nomoylan92@wordpress.org,Russia
Renie,Dikes,rdikes93@fc2.com,China
Ab,Ende,aende94@nytimes.com,Russia
Misha,Ladewig,mladewig95@gmpg.org,Russia
Hermina,Smiths,hsmiths96@nasa.gov,Armenia
Bobbee,Andersch,bandersch97@about.com,France
Amos,Colquit,acolquit98@nasa.gov,United States
Cinderella,Anchor,canchor99@bloglovin.com,Kyrgyzstan
Marion,Uccelli,muccelli9a@goodreads.com,Guatemala
Francisca,Fance,ffance9b@symantec.com,Vietnam
Theobald,Oliffe,toliffe9c@mashable.com,Moldova
Dewain,Lowre,dlowre9d@wp.com,China
Giordano,Rance,grance9e@booking.com,Chile
Jobey,Clegg,jclegg9f@paginegialle.it,Thailand
Siobhan,Sollis,ssollis9g@mtv.com,China
Sammy,Meyrick,smeyrick9h@theatlantic.com,Ukraine
Tamqrah,Unger,tunger9i@163.com,Tanzania
Gareth,Sulland,gsulland9j@hexun.com,Indonesia
Sheffield,Rein,srein9k@un.org,Tanzania
Alessandra,Fry,afry9l@moonfruit.com,Poland
Clerc,Gilyatt,cgilyatt9m@guardian.co.uk,United Kingdom
Candice,Belsey,cbelsey9n@google.com.hk,China
Tripp,Stone Fewings,tstonefewings9o@mlb.com,Brazil
Michaela,Pilsbury,mpilsbury9p@hao123.com,China
Carolynn,Veregan,cveregan9q@apple.com,Sri Lanka
Ody,Berthelmot,oberthelmot9r@soundcloud.com,China
Kennith,Merriott,kmerriott9s@walmart.com,Poland
Lynnell,Neubigging,lneubigging9t@fc2.com,Poland
Dacy,Cowlam,dcowlam9u@bigcartel.com,Philippines
Eolande,Phaup,ephaup9v@craigslist.org,Sweden
Vivian,Gaize,vgaize9w@jalbum.net,China
Desdemona,Bernuzzi,dbernuzzi9x@globo.com,Suriname
Ali,Allan,aallan9y@devhub.com,China
Giacinta,Westphalen,gwestphalen9z@foxnews.com,Indonesia
Rosetta,Fawcitt,rfawcitta0@washington.edu,China
Sancho,Francois,sfrancoisa1@php.net,Palestinian Territory
Neil,Schulze,nschulzea2@instagram.com,China
Cynthea,Deniskevich,cdeniskevicha3@paginegialle.it,Nigeria
Katlin,Pescud,kpescuda4@cdc.gov,China
Rochette,Astlatt,rastlatta5@prweb.com,Japan
Kipp,Szymanski,kszymanskia6@yolasite.com,Finland
Linda,Chumley,lchumleya7@webs.com,Kuwait
Frasquito,McCurt,fmccurta8@flickr.com,Ukraine
Pammie,Russel,prussela9@github.io,Czech Republic
Rosina,Melrose,rmelroseaa@reference.com,China
Dougy,Burstowe,dburstoweab@t.co,Indonesia
Huey,Latham,hlathamac@lulu.com,Philippines
Lilli,Jotcham,ljotchamad@adobe.com,Bahamas
Culver,Aizik,caizikae@bandcamp.com,Russia
Merrie,Exer,mexeraf@google.ru,Madagascar
Ania,Oki,aokiag@slideshare.net,Italy
Natalina,Bims,nbimsah@google.co.uk,Greece
Brok,Nurny,bnurnyai@vimeo.com,China
Madlen,Dacke,mdackeaj@com.com,Poland
Kate,Pheazey,kpheazeyak@sphinn.com,Indonesia
Forbes,Bulfield,fbulfieldal@mtv.com,Afghanistan
Leroy,Foulkes,lfoulkesam@apple.com,Indonesia
Eachelle,Adan,eadanan@cisco.com,Netherlands
Brinna,Marflitt,bmarflittao@addthis.com,China
Aurlie,Pretty,aprettyap@shinystat.com,Russia
Rance,Van den Broek,rvandenbroekaq@surveymonkey.com,Chile
Lissie,Mannion,lmannionar@state.tx.us,Guatemala
Randal,De Dantesie,rdedantesieas@stumbleupon.com,Czech Republic
Merci,Petri,mpetriat@forbes.com,Brazil
Lynda,Plummer,lplummerau@4shared.com,Brazil
Sigfrid,McDiarmid,smcdiarmidav@last.fm,Indonesia
Billy,Mountstephen,bmountstephenaw@github.io,Brazil
Tom,Barclay,tbarclayax@nature.com,China
Alaric,Melley,amelleyay@delicious.com,Indonesia
Ursula,Francom,ufrancomaz@webmd.com,Indonesia
Sarina,Lorrain,slorrainb0@flickr.com,Indonesia
Pietro,Brighouse,pbrighouseb1@cisco.com,Indonesia
Cammi,Hullah,chullahb2@slideshare.net,Indonesia
Odilia,Shillan,oshillanb3@nyu.edu,Thailand
Conn,Cankett,ccankettb4@craigslist.org,Japan
Adelaida,Prestige,aprestigeb5@so-net.ne.jp,Russia
Andrej,Heningham,aheninghamb6@tripod.com,Armenia
Edsel,Birrane,ebirraneb7@netvibes.com,Philippines
Clarance,Tatham,ctathamb8@nifty.com,Central African Republic
Carly,Dashper,cdashperb9@home.pl,Portugal
Noelle,Jacquemy,njacquemyba@wix.com,Botswana
Odell,Laurence,olaurencebb@digg.com,Guatemala
Daveen,Maciak,dmaciakbc@prweb.com,Peru
Lurline,Gourdon,lgourdonbd@ehow.com,Palestinian Territory
Birch,Murrison,bmurrisonbe@cbsnews.com,Philippines
Kerwin,Dunnaway,kdunnawaybf@vkontakte.ru,Portugal
Solly,Benditt,sbendittbg@salon.com,Uganda
Dareen,Petroulis,dpetroulisbh@qq.com,Poland
Marjory,Lawrenceson,mlawrencesonbi@goodreads.com,South Africa
Richie,Stonestreet,rstonestreetbj@japanpost.jp,China
Danila,Benninger,dbenningerbk@geocities.com,China
Marlo,Chettle,mchettlebl@businessweek.com,Georgia
Fleming,Ferenc,fferencbm@tmall.com,China
Jeane,Metham,jmethambn@wikispaces.com,Indonesia
Jecho,Burtwhistle,jburtwhistlebo@time.com,Indonesia
Mallory,O'Heneghan,moheneghanbp@a8.net,Zimbabwe
Grace,Bamborough,gbamboroughbq@google.com.hk,Egypt
Jannelle,Standing,jstandingbr@unblog.fr,Brazil
Lela,Lys,llysbs@mozilla.org,Portugal
Giacinta,Malter,gmalterbt@discovery.com,China
Henrie,Summerton,hsummertonbu@rediff.com,Slovenia
Raimundo,Somerlie,rsomerliebv@nba.com,Russia
Lynna,Muehle,lmuehlebw@t.co,Russia
Emanuele,Sewter,esewterbx@yahoo.com,Indonesia
Madlin,Shurville,mshurvilleby@yellowpages.com,Philippines
Odella,Ommundsen,oommundsenbz@utexas.edu,Indonesia
Umberto,Brien,ubrienc0@nydailynews.com,Cameroon
Adriana,Arp,aarpc1@furl.net,France
Fields,Labram,flabramc2@unesco.org,Argentina
Fifi,McKnockiter,fmcknockiterc3@quantcast.com,Australia
Tallie,Dallaway,tdallawayc4@tripod.com,Colombia
Kara,Kyttor,kkyttorc5@xrea.com,Portugal
Beckie,Dilgarno,bdilgarnoc6@ebay.co.uk,United States
Rois,Linebarger,rlinebargerc7@naver.com,Nigeria
Bernadene,Nattriss,bnattrissc8@unesco.org,Peru
Tawsha,Ballintyne,tballintynec9@squarespace.com,China
Osborn,Hatchell,ohatchellca@state.tx.us,Philippines
Neila,Osselton,nosseltoncb@pbs.org,Serbia
Araldo,Serris,aserriscc@odnoklassniki.ru,Ukraine
Marketa,Divina,mdivinacd@usnews.com,Vietnam
Marianna,Pierce,mpiercece@cpanel.net,Czech Republic
Joanie,Stapele,jstapelecf@nymag.com,United States
Orelie,Montague,omontaguecg@fotki.com,Portugal
Iggy,Gumbrell,igumbrellch@bigcartel.com,Indonesia
Cory,Riediger,criedigerci@pen.io,Bangladesh
Renee,Stellman,rstellmancj@jimdo.com,Mongolia
Allene,Lafferty,alaffertyck@aol.com,China
Elise,Hartfield,ehartfieldcl@wunderground.com,Poland
Lorianne,Matushevitz,lmatushevitzcm@over-blog.com,Indonesia
Doralynn,Suddock,dsuddockcn@yahoo.co.jp,Sweden
Tracey,Donke,tdonkeco@mtv.com,Greece
Marcello,Giurio,mgiuriocp@ed.gov,China
Vikki,Heinicke,vheinickecq@pcworld.com,Honduras
Lyndell,Santacrole,lsantacrolecr@cnn.com,Indonesia
Phillis,Tunmore,ptunmorecs@ca.gov,Tunisia
Lammond,Kimberley,lkimberleyct@wikipedia.org,Canada
Glenn,Dusting,gdustingcu@ehow.com,China
Lorne,Crafter,lcraftercv@plala.or.jp,Russia
Hersh,Djakovic,hdjakoviccw@de.vu,Brazil
Orion,Hurdidge,ohurdidgecx@360.cn,China
Colby,Dionisi,cdionisicy@japanpost.jp,Argentina
Audre,Arsnell,aarsnellcz@census.gov,Poland
Vernen,MacGraith,vmacgraithd0@infoseek.co.jp,Cuba
Tobye,Moss,tmossd1@twitpic.com,China
Donnamarie,Custed,dcustedd2@sohu.com,France
Ruthie,Bilam,rbilamd3@amazon.co.jp,Iran
Masha,Routh,mrouthd4@comsenz.com,South Korea
Glenda,Rudwell,grudwelld5@last.fm,Greece
Flor,Sprade,fspraded6@scientificamerican.com,China
Stoddard,Eakeley,seakeleyd7@ycombinator.com,United States
Colver,Mensler,cmenslerd8@imdb.com,Nigeria
Kylila,Stanners,kstannersd9@epa.gov,China
Coraline,Trevna,ctrevnada@columbia.edu,France
Elinor,Blaschke,eblaschkedb@si.edu,China
Marshall,Seiter,mseiterdc@twitpic.com,Democratic Republic of the Congo
Carlee,Gilhooly,cgilhoolydd@fema.gov,Guatemala
Darell,Grosier,dgrosierde@freewebs.com,Brazil
Letisha,Suddell,lsuddelldf@github.io,Czech Republic
Daniel,Giovanitti,dgiovanittidg@about.com,Morocco
Fleur,Paradin,fparadindh@diigo.com,Japan
Ruddy,Wiz,rwizdi@flavors.me,China
Myer,Featherstone,mfeatherstonedj@cafepress.com,Ireland
Theda,Tressler,ttresslerdk@alexa.com,Peru
Ailyn,Kirman,akirmandl@wikipedia.org,Colombia
Sadye,Itskovitz,sitskovitzdm@biglobe.ne.jp,Brazil
Sig,Ternault,sternaultdn@mashable.com,China
Guilbert,Bertomieu,gbertomieudo@hao123.com,United States
Donna,Orviss,dorvissdp@360.cn,China
Trenna,Baniard,tbaniarddq@hp.com,China
Tami,Ertelt,terteltdr@slideshare.net,France
Emlyn,Treasure,etreasureds@simplemachines.org,Russia
Roderick,Flawn,rflawndt@hostgator.com,Russia
Asher,Colvie,acolviedu@g.co,Philippines
Riley,Meco,rmecodv@mashable.com,Philippines
Kalinda,Allner,kallnerdw@dot.gov,Mexico
Daren,Jullian,djulliandx@springer.com,Portugal
Aleksandr,O'Loghlen,aologhlendy@google.pl,Indonesia
Emilee,Damiral,edamiraldz@biglobe.ne.jp,Egypt
Marshall,Lalley,mlalleye0@google.cn,China
Care,Sabey,csabeye1@shareasale.com,Philippines
Victor,Arger,vargere2@hugedomains.com,China
Elvera,Capner,ecapnere3@mediafire.com,Kazakhstan
Joe,Ollier,jolliere4@hubpages.com,Indonesia
Georgina,Dabrowski,gdabrowskie5@imdb.com,Cameroon
Hernando,Freake,hfreakee6@i2i.jp,Russia
Samaria,Spenton,sspentone7@mysql.com,Indonesia
Imogen,Willden,iwilldene8@usa.gov,Indonesia
Simeon,Huton,shutone9@reddit.com,Russia
Emanuele,Abbot,eabbotea@twitter.com,Ukraine
Starr,Kyston,skystoneb@slideshare.net,Ukraine
Hewet,Goulbourne,hgoulbourneec@admin.ch,Poland
Cecilia,Cockcroft,ccockcrofted@army.mil,China
Cece,Swatradge,cswatradgeee@dedecms.com,Afghanistan
Ofilia,Andriveaux,oandriveauxef@storify.com,Finland
Ferris,Million,fmillioneg@dell.com,Philippines
Doro,Mockes,dmockeseh@yandex.ru,Malaysia
Christoffer,Mannock,cmannockei@wordpress.com,Serbia
Briggs,Adamovich,badamovichej@liveinternet.ru,Czech Republic
Ram,Trangmar,rtrangmarek@adobe.com,Brazil
Leola,Winscum,lwinscumel@springer.com,Indonesia
Rurik,Rosi,rrosiem@amazon.co.jp,Colombia
Tabby,Ventham,tventhamen@altervista.org,Indonesia
Adelaida,Ching,achingeo@google.co.uk,Indonesia
Addison,Sangster,asangsterep@moonfruit.com,Bosnia and Herzegovina
Missie,Hakeworth,mhakewortheq@cyberchimps.com,Russia
Basilio,Tissell,btisseller@deliciousdays.com,Samoa
Shell,Adamiak,sadamiakes@smh.com.au,Sweden
Benson,Dowdell,bdowdellet@dropbox.com,China
Pietro,Mahy,pmahyeu@huffingtonpost.com,Mongolia
Fidel,Filer,ffilerev@360.cn,Ukraine
Abigail,Wisbey,awisbeyew@youtu.be,Tunisia
Jessica,Beamson,jbeamsonex@blogs.com,China
Carlos,Cobelli,ccobelliey@java.com,Albania
Hershel,Sully,hsullyez@google.com.br,China
Joete,Imason,jimasonf0@sourceforge.net,China
Peri,McGeneay,pmcgeneayf1@51.la,Russia
Dyana,Bagge,dbaggef2@cisco.com,China
Cris,Egre,cegref3@naver.com,Pakistan
Sancho,Cowp,scowpf4@spotify.com,Nigeria
Alvina,Paszak,apaszakf5@tamu.edu,Russia
Gabie,Slaughter,gslaughterf6@imgur.com,Canada
Kipp,Carryer,kcarryerf7@ow.ly,Poland
Erhard,Boice,eboicef8@cisco.com,Iran
Andros,Priter,apriterf9@biblegateway.com,China
Shawnee,Jessel,sjesselfa@wunderground.com,Sweden
Kyle,Moff,kmofffb@redcross.org,Indonesia
Duke,Paolucci,dpaoluccifc@flavors.me,Indonesia
Gael,Bridgewood,gbridgewoodfd@last.fm,Australia
Munroe,Brotherhed,mbrotherhedfe@seesaa.net,Sweden
Jehanna,MacInnes,jmacinnesff@qq.com,China
Shamus,Sherwill,ssherwillfg@discovery.com,China
Keri,Twist,ktwistfh@sfgate.com,Russia
Murial,Palatino,mpalatinofi@irs.gov,United States
Berry,Jeary,bjearyfj@mac.com,China
Siffre,Fashion,sfashionfk@ask.com,China
Camile,Drayton,cdraytonfl@reuters.com,Brazil
Roman,Cotterell,rcotterellfm@oakley.com,China
Jammie,Gontier,jgontierfn@tamu.edu,Ukraine
Ainslee,Eastment,aeastmentfo@imgur.com,Belarus
Cele,Chilcotte,cchilcottefp@csmonitor.com,Japan
Evvie,Gilliver,egilliverfq@netvibes.com,Croatia
Gavrielle,Shawdforth,gshawdforthfr@pbs.org,China
Alisa,Cameli,acamelifs@163.com,China
Deloris,Parlett,dparlettft@macromedia.com,South Africa
Torey,McKie,tmckiefu@domainmarket.com,China
Brand,Seamon,bseamonfv@scribd.com,Thailand
Hestia,Camp,hcampfw@vinaora.com,Slovenia
Lisle,Piola,lpiolafx@paypal.com,China
Jeremias,O'Geaney,jogeaneyfy@symantec.com,South Korea
Nikolaus,Wimmers,nwimmersfz@geocities.jp,Germany
Aline,Clem,aclemg0@xrea.com,Namibia
Caresa,Fogt,cfogtg1@deliciousdays.com,Indonesia
Rollin,Gothliff,rgothliffg2@nsw.gov.au,Finland
Hewet,Armstrong,harmstrongg3@about.com,Russia
Orelia,Metheringham,ometheringhamg4@e-recht24.de,China
Conchita,Harrie,charrieg5@webnode.com,Argentina
Paton,Tothe,ptotheg6@oaic.gov.au,Czech Republic
Roch,David,rdavidg7@hud.gov,China
Rafaello,Steddall,rsteddallg8@yellowbook.com,Indonesia
Theodoric,Blampied,tblampiedg9@wunderground.com,France
Koral,Pittson,kpittsonga@1und1.de,Turkmenistan
James,Duchant,jduchantgb@phpbb.com,China
Idelle,Ferenczy,iferenczygc@ft.com,Indonesia
Dallis,Cockill,dcockillgd@hc360.com,Indonesia
Maynord,Dargan,mdargange@blogs.com,Brazil
Mace,Winterburn,mwinterburngf@360.cn,Indonesia
Jillana,Meriguet,jmeriguetgg@istockphoto.com,Finland
Dorri,Terran,dterrangh@nymag.com,China
Wit,Shackell,wshackellgi@blinklist.com,China
Averell,Timmons,atimmonsgj@cloudflare.com,Portugal
Carri,Isaacs,cisaacsgk@msn.com,Brazil
Noak,Morkham,nmorkhamgl@stanford.edu,Russia
Berke,Santo,bsantogm@noaa.gov,Indonesia
Richart,Yusupov,ryusupovgn@csmonitor.com,Slovenia
Dianemarie,Gergler,dgerglergo@vistaprint.com,Libya
Amalle,Pennycuick,apennycuickgp@go.com,China
Katherina,Artus,kartusgq@washington.edu,Russia
Mechelle,Geaney,mgeaneygr@shop-pro.jp,China
Tiffi,Hatherley,thatherleygs@ebay.com,China
Alvinia,Ayling,aaylinggt@icq.com,Mozambique
Alexi,Peddersen,apeddersengu@reference.com,Philippines
Trev,Dudek,tdudekgv@webs.com,Argentina
Ursula,Date,udategw@gravatar.com,Bahamas
Bellina,Rennock,brennockgx@smh.com.au,Vietnam
Gunar,Delacour,gdelacourgy@icio.us,Venezuela
Tam,Hackleton,thackletongz@tumblr.com,France
Godard,Linge,glingeh0@imageshack.us,Poland
Seumas,Shakesbye,sshakesbyeh1@goo.gl,Morocco
Korey,Jolliss,kjollissh2@marketwatch.com,Indonesia
Luigi,Cluet,lclueth3@wikipedia.org,Portugal
Sam,Ellph,sellphh4@angelfire.com,Indonesia
Drew,Eddoes,deddoesh5@booking.com,Philippines
Pam,St. John,pstjohnh6@cnbc.com,Indonesia
Clyve,Maghull,cmaghullh7@cmu.edu,Vietnam
Jarrett,Francillo,jfrancilloh8@jigsy.com,Haiti
Jeanelle,Candlin,jcandlinh9@epa.gov,Philippines
Fraser,Gemelli,fgemelliha@skyrock.com,Indonesia
Marlene,Roman,mromanhb@ftc.gov,Indonesia
Ingram,Hundell,ihundellhc@tamu.edu,Portugal
Lin,Dunbobin,ldunbobinhd@blogtalkradio.com,China
Hilde,Soden,hsodenhe@blogtalkradio.com,China
Jourdan,Hayer,jhayerhf@youku.com,Indonesia
Trumann,Charlwood,tcharlwoodhg@globo.com,Sweden
Elspeth,Harrad,eharradhh@com.com,Indonesia
Oates,Callister,ocallisterhi@prnewswire.com,Madagascar
Lonnard,Anwyl,lanwylhj@stumbleupon.com,Peru
Gilbert,Cafe,gcafehk@addtoany.com,Philippines
Woodrow,Bande,wbandehl@census.gov,France
Bryon,Hayland,bhaylandhm@vimeo.com,Indonesia
Evelyn,Greyes,egreyeshn@simplemachines.org,Argentina
Randie,Ciottoi,rciottoiho@rakuten.co.jp,Colombia
Raymond,Rigts,rrigtshp@devhub.com,China
Dasie,McVrone,dmcvronehq@nasa.gov,Ukraine
Abbey,Timlett,atimletthr@jiathis.com,Ukraine
Brnaby,Lickorish,blickorishhs@icq.com,Serbia
Thomasina,Dennett,tdennettht@ox.ac.uk,Australia
Meryl,Balston,mbalstonhu@whitehouse.gov,Afghanistan
Loralie,Burden,lburdenhv@over-blog.com,China
Nickolas,Huws,nhuwshw@constantcontact.com,Portugal
Kelley,Cove,kcovehx@yellowbook.com,China
Markus,Parton,mpartonhy@ucoz.com,Croatia
Humberto,Hurd,hhurdhz@intel.com,Thailand
Carie,Labitt,clabitti0@nyu.edu,Albania
Guendolen,McGilmartin,gmcgilmartini1@ft.com,France
Neron,Matlock,nmatlocki2@epa.gov,Venezuela
Neel,Kimmons,nkimmonsi3@who.int,Yemen
Bernardo,Toppin,btoppini4@meetup.com,Pakistan
Dorolice,Grim,dgrimi5@slideshare.net,China
Giorgia,Ternent,gternenti6@ycombinator.com,Philippines
Wally,Fake,wfakei7@ihg.com,Colombia
Urbano,Clutheram,uclutherami8@elegantthemes.com,Japan
Adolf,Mordin,amordini9@wp.com,China
Dilan,Hoyles,dhoylesia@ow.ly,China
Robert,Dunning,rdunningib@bbb.org,Yemen
Delcine,Desvignes,ddesvignesic@upenn.edu,Germany
Horatio,Keynd,hkeyndid@php.net,Portugal
Magda,Antoniewski,mantoniewskiie@wufoo.com,Indonesia
Rosie,Luck,rluckif@ameblo.jp,Germany
Tate,Balden,tbaldenig@ovh.net,Chile
Natalina,Thirlwell,nthirlwellih@skype.com,Japan
Carny,Kehri,ckehriii@msu.edu,Sweden
Nickie,De Winton,ndewintonij@kickstarter.com,Poland
Dena,Krojn,dkrojnik@ebay.co.uk,Canada
Phyllys,Goricke,pgorickeil@a8.net,China
Emelda,Mellor,emellorim@qq.com,China
Jeanna,Dacke,jdackein@nymag.com,Kazakhstan
Grata,Spaduzza,gspaduzzaio@guardian.co.uk,China
Sibylla,Stode,sstodeip@chronoengine.com,Brazil
Sonny,Epsly,sepslyiq@businessweek.com,Sweden
Alexi,Casewell,acasewellir@twitpic.com,Yemen
Ranique,Raynes,rraynesis@soup.io,Indonesia
Anjela,Starzaker,astarzakerit@seesaa.net,Palestinian Territory
Hakim,Norquay,hnorquayiu@wp.com,Japan
Dru,Baron,dbaroniv@domainmarket.com,Dominican Republic
Donn,Fries,dfriesiw@guardian.co.uk,China
Dall,Horry,dhorryix@dagondesign.com,Russia
Bonnee,Smeuin,bsmeuiniy@hubpages.com,Indonesia
Calida,Jentzsch,cjentzschiz@harvard.edu,Peru
Alan,Stronge,astrongej0@sina.com.cn,Serbia
Celine,Izacenko,cizacenkoj1@nationalgeographic.com,Brazil
Heidi,Delle,hdellej2@cam.ac.uk,China
Miquela,Hoodspeth,mhoodspethj3@engadget.com,Nigeria
Cristin,Glander,cglanderj4@senate.gov,Serbia
Rodge,Sivewright,rsivewrightj5@ebay.com,Brazil
Cozmo,Jeandillou,cjeandillouj6@bing.com,Argentina
Devinne,McClurg,dmcclurgj7@unesco.org,China
Raffaello,Salatino,rsalatinoj8@google.es,Poland
Chryste,Hardstaff,chardstaffj9@boston.com,France
Thomasa,McKeller,tmckellerja@ifeng.com,Portugal
Ethel,Oselton,eoseltonjb@skyrock.com,Russia
Eimile,World,eworldjc@sogou.com,Russia
Adolpho,Durbin,adurbinjd@lycos.com,Montenegro
Celestine,Tonry,ctonryje@miitbeian.gov.cn,Portugal
Bran,Crysell,bcryselljf@blogger.com,Mexico
Renard,Trunks,rtrunksjg@indiegogo.com,Brazil
Adda,Diego,adiegojh@nytimes.com,Indonesia
Tabby,Tolson,ttolsonji@geocities.com,Poland
Christiane,Padberry,cpadberryjj@themeforest.net,Indonesia
Romona,Gwioneth,rgwionethjk@vkontakte.ru,China
Jeffrey,Kirwood,jkirwoodjl@infoseek.co.jp,Sweden
Baron,Esmead,besmeadjm@nih.gov,Russia
Broderic,Duffan,bduffanjn@archive.org,Greece
Falito,Volonte,fvolontejo@auda.org.au,Portugal
Hermann,Gianninotti,hgianninottijp@epa.gov,Indonesia
Constance,Mafham,cmafhamjq@vimeo.com,China
Liane,Scramage,lscramagejr@cafepress.com,Ukraine
Katha,Moodey,kmoodeyjs@abc.net.au,China
Benny,Doumic,bdoumicjt@irs.gov,China
Byrann,Vercruysse,bvercruysseju@harvard.edu,China
Alexandro,Buckbee,abuckbeejv@bandcamp.com,Indonesia
Berenice,Markushkin,bmarkushkinjw@unicef.org,Thailand
Gray,Neilands,gneilandsjx@tamu.edu,Russia
Frieda,Wagg,fwaggjy@icio.us,China
Saundra,Boodell,sboodelljz@yahoo.co.jp,Sweden
Aleen,Farden,afardenk0@reuters.com,China
Ripley,Drei,rdreik1@github.io,Belarus
Granny,Leggitt,gleggittk2@cisco.com,China
Chicky,Block,cblockk3@hibu.com,France
Nicky,Dudhill,ndudhillk4@mashable.com,China
Nicky,Burchess,nburchessk5@census.gov,Portugal
Quincey,Stockin,qstockink6@myspace.com,Sweden
Kenna,Fells,kfellsk7@state.tx.us,Somalia
Fergus,Retallick,fretallickk8@amazon.co.uk,Netherlands
Hamish,Manthorpe,hmanthorpek9@multiply.com,Poland
Tiertza,Auguste,taugusteka@xinhuanet.com,Japan
Shalom,Flux,sfluxkb@intel.com,Russia
Jodie,Randal,jrandalkc@mlb.com,Indonesia
Hayes,Huckin,hhuckinkd@tinyurl.com,Indonesia
Dierdre,Beaconsall,dbeaconsallke@yahoo.com,Czech Republic
Adler,Doble,adoblekf@privacy.gov.au,Finland
Clive,Scoffins,cscoffinskg@marriott.com,Russia
Norry,Mossbee,nmossbeekh@newsvine.com,Poland
Claus,Libero,cliberoki@cargocollective.com,Brazil
Anett,Ingerith,aingerithkj@last.fm,Ukraine
Codi,Masdon,cmasdonkk@opensource.org,Sweden
Griselda,Mayger,gmaygerkl@china.com.cn,Russia
Trudey,Crannell,tcrannellkm@pagesperso-orange.fr,Canada
Jere,Hayth,jhaythkn@nsw.gov.au,Peru
Abba,Ebertz,aebertzko@eepurl.com,Poland
Jasen,Blomfield,jblomfieldkp@sogou.com,Slovenia
Filberto,Clamo,fclamokq@spiegel.de,China
Maighdiln,Dury,mdurykr@bbc.co.uk,Madagascar
Sada,Oldrey,soldreyks@ucla.edu,Czech Republic
Debora,Ketchell,dketchellkt@vinaora.com,Sweden
Obadiah,Petofi,opetofiku@engadget.com,Indonesia
Frederick,Aickin,faickinkv@cnn.com,China
Deane,Fleckno,dflecknokw@alexa.com,Poland
Sunny,Buffham,sbuffhamkx@pen.io,Sri Lanka
Ravid,Meach,rmeachky@walmart.com,Indonesia
Stanley,Durden,sdurdenkz@xing.com,Brazil
Elinore,Troni,etronil0@usatoday.com,Panama
Neely,Lindl,nlindll1@naver.com,Philippines
Gayle,Bulleyn,gbulleynl2@people.com.cn,Philippines
Barry,Kornilyev,bkornilyevl3@i2i.jp,Greece
Clarisse,Gaskarth,cgaskarthl4@bizjournals.com,Ukraine
Niki,Fullick,nfullickl5@cdbaby.com,Greece
Raquel,Luscott,rluscottl6@princeton.edu,Peru
Martica,Farrants,mfarrantsl7@ucsd.edu,Indonesia
Bellanca,Ewin,bewinl8@barnesandnoble.com,Bosnia and Herzegovina
Gerda,Jakoviljevic,gjakoviljevicl9@theatlantic.com,China
Caralie,Heak,cheakla@cdc.gov,Benin
Nelli,Pountain,npountainlb@dyndns.org,China
Erik,Eatock,eeatocklc@delicious.com,Indonesia
Michel,Pentlow,mpentlowld@digg.com,China
Kelsey,Abramsky,kabramskyle@bbb.org,China
Eadmund,Piniur,epiniurlf@miibeian.gov.cn,Russia
Melesa,Blackmuir,mblackmuirlg@behance.net,France
Aristotle,Hutchason,ahutchasonlh@vistaprint.com,Vietnam
Audy,Halfacree,ahalfacreeli@instagram.com,Philippines
Katy,Olenchenko,kolenchenkolj@sohu.com,Macao
Ariela,Jersh,ajershlk@pbs.org,British Virgin Islands
Geno,Simonazzi,gsimonazzill@techcrunch.com,Chile
Fee,Terlinden,fterlindenlm@blogger.com,China
Sergio,Fielder,sfielderln@state.tx.us,Russia
Erasmus,Behrend,ebehrendlo@ameblo.jp,China
Aloise,Demare,ademarelp@mit.edu,Mauritius
Kessia,Cahalin,kcahalinlq@zimbio.com,Peru
Kevon,Cumpton,kcumptonlr@ocn.ne.jp,Portugal
Carma,Lehemann,clehemannls@csmonitor.com,Portugal
Alie,Durrett,adurrettlt@newyorker.com,Colombia
Mattie,Olyunin,molyuninlu@netvibes.com,China
Tyne,Heinssen,theinssenlv@craigslist.org,Nigeria
Shaina,Alexandersson,salexanderssonlw@studiopress.com,Mauritania
Ronnie,Copp,rcopplx@wix.com,China
Brit,Ingry,bingryly@fda.gov,Brazil
Marika,Dominka,mdominkalz@businessweek.com,France
Randi,Hosburn,rhosburnm0@unblog.fr,Portugal
Martainn,Willetts,mwillettsm1@time.com,China
Suellen,Deplacido,sdeplacidom2@who.int,Bulgaria
Dena,Franzotto,dfranzottom3@cafepress.com,Macedonia
Julienne,Abramovici,jabramovicim4@pcworld.com,South Korea
Trent,Hurt,thurtm5@washington.edu,Ukraine
Florence,Kenney,fkenneym6@baidu.com,Venezuela
Bailie,Baseke,bbasekem7@wsj.com,Portugal
Leeann,Inderwick,linderwickm8@pinterest.com,Nigeria
Hinda,Cussins,hcussinsm9@usnews.com,Latvia
Blake,Duprey,bdupreyma@oracle.com,Peru
Rhonda,Cartan,rcartanmb@usda.gov,Albania
Joby,Carnie,jcarniemc@myspace.com,China
Duky,Kempstone,dkempstonemd@scientificamerican.com,Brazil
Clarita,Khan,ckhanme@skype.com,Russia
Olympie,Brunning,obrunningmf@umich.edu,Italy
Rae,Aulds,rauldsmg@theatlantic.com,China
Lorry,Hearnden,lhearndenmh@seattletimes.com,Russia
Broddy,Coggles,bcogglesmi@vkontakte.ru,Indonesia
Stanislaus,Feetham,sfeethammj@tinypic.com,China
Caryl,MacConneely,cmacconneelymk@paginegialle.it,China
Carie,Crigin,ccriginml@addthis.com,Brazil
Abby,Lavalle,alavallemm@comsenz.com,Brazil
Eryn,Gudd,eguddmn@netscape.com,Russia
Jacquelynn,Focke,jfockemo@desdev.cn,France
Janetta,Vertigan,jvertiganmp@moonfruit.com,Afghanistan
Kandy,Swin,kswinmq@stanford.edu,China
Clovis,Parram,cparrammr@mayoclinic.com,China
Skippie,Viscovi,sviscovims@cisco.com,Ukraine
Evita,Tue,etuemt@npr.org,Russia
Lacie,Cersey,lcerseymu@cnbc.com,Philippines
Joyce,Dyett,jdyettmv@prnewswire.com,China
Heinrik,Hinz,hhinzmw@g.co,Poland
Rosana,Dollman,rdollmanmx@house.gov,Russia
Vlad,Studd,vstuddmy@sohu.com,Sweden
Langsdon,Inman,linmanmz@drupal.org,Germany
Reese,Sibary,rsibaryn0@ifeng.com,Mongolia
Modesta,McGrady,mmcgradyn1@aol.com,Portugal
Hieronymus,Georghiou,hgeorghioun2@oakley.com,Indonesia
Cross,Le Noury,clenouryn3@techcrunch.com,Philippines
Cybil,Grundle,cgrundlen4@blogs.com,Russia
June,Goldstone,jgoldstonen5@forbes.com,Poland
Jemmy,Lighton,jlightonn6@github.io,Albania
Heather,Renol,hrenoln7@apache.org,Indonesia
Glyn,Gowrie,ggowrien8@goo.ne.jp,China
Dorothea,MacPaden,dmacpadenn9@homestead.com,Thailand
Analise,Hollyland,ahollylandna@photobucket.com,France
Kathe,Dominey,kdomineynb@cam.ac.uk,China
Lalo,Chidlow,lchidlownc@blogger.com,Indonesia
Frasco,Franke,ffrankend@1688.com,Sweden
Welbie,Cleaton,wcleatonne@skyrock.com,Belarus
Linnet,Pudner,lpudnernf@loc.gov,Colombia
Adele,De Bruijn,adebruijnng@google.nl,China
Carlye,Hymor,chymornh@nba.com,Indonesia
Turner,Sandal,tsandalni@census.gov,France
Harbert,Myatt,hmyattnj@biglobe.ne.jp,Iraq
Gunner,Syddall,gsyddallnk@foxnews.com,Japan
Tersina,Passion,tpassionnl@wix.com,Peru
Willamina,Nafzger,wnafzgernm@elpais.com,Russia
Hali,Ling,hlingnn@goo.ne.jp,Philippines
Cully,Foulstone,cfoulstoneno@trellian.com,Japan
Leonelle,Deverall,ldeverallnp@ted.com,Madagascar
Lorene,Gilchrist,lgilchristnq@ning.com,China
Courtney,Burrells,cburrellsnr@hostgator.com,Norway
Bruce,Pasek,bpasekns@vimeo.com,Yemen
Sauncho,Haibel,shaibelnt@dedecms.com,Peru
Aymer,Bromhead,abromheadnu@quantcast.com,Guatemala
Lombard,Yukhtin,lyukhtinnv@spotify.com,Greece
Rebekah,Fleckno,rflecknonw@privacy.gov.au,China
Willette,Witherdon,wwitherdonnx@g.co,Philippines
Matthew,Geraldo,mgeraldony@etsy.com,Indonesia
Gustavus,Simkovitz,gsimkovitznz@cdc.gov,China
Izabel,Ricker,irickero0@angelfire.com,Czech Republic
Correy,Standbrooke,cstandbrookeo1@pcworld.com,Indonesia
Natka,Inworth,ninwortho2@imdb.com,Greece
Rodrique,Filtness,rfiltnesso3@163.com,Peru
Vanya,Saint,vsainto4@census.gov,Brazil
Jasun,Circuitt,jcircuitto5@tmall.com,Colombia
Letitia,Monroe,lmonroeo6@home.pl,Czech Republic
Lisette,Crawshay,lcrawshayo7@japanpost.jp,Greece
Bat,Delos,bdeloso8@hud.gov,Czech Republic
Rhoda,Durrance,rdurranceo9@stanford.edu,Philippines
Ollie,Dearl,odearloa@ucsd.edu,Israel
Lizbeth,Comellini,lcomelliniob@live.com,Tunisia
Letizia,Frossell,lfrosselloc@smh.com.au,Comoros
Stacy,Grinnell,sgrinnellod@bloglovin.com,Sweden
Clayson,De Dei,cdedeioe@utexas.edu,China
Saul,Reedyhough,sreedyhoughof@gov.uk,China
Allyson,Wegenen,awegenenog@loc.gov,Czech Republic
Baxter,Gilfoyle,bgilfoyleoh@pcworld.com,France
Irma,Babbs,ibabbsoi@census.gov,China
Burt,Falks,bfalksoj@newsvine.com,China
Agathe,MacKeogh,amackeoghok@csmonitor.com,Nigeria
Florella,Hynd,fhyndol@tinypic.com,Bosnia and Herzegovina
Mariya,Blanpein,mblanpeinom@slashdot.org,Russia
Rodina,Bavester,rbavesteron@businessweek.com,Philippines
Thacher,O' Cuolahan,tocuolahanoo@wp.com,Colombia
Guinevere,Lortz,glortzop@accuweather.com,Colombia
Marlo,Shurmer,mshurmeroq@shinystat.com,China
Martynne,Storton,mstortonor@tinypic.com,China
Ginger,Paulillo,gpaulilloos@joomla.org,China
Brook,Gambie,bgambieot@discovery.com,Philippines
Hebert,Muller,hmullerou@bandcamp.com,China
Bradly,Castrillo,bcastrilloov@unblog.fr,Nigeria
Nestor,Sturdy,nsturdyow@cargocollective.com,Ivory Coast
Alyosha,Denecamp,adenecampox@ox.ac.uk,China
Lief,Draye,ldrayeoy@1688.com,France
Sig,Tanby,stanbyoz@tiny.cc,Ukraine
Amargo,Canizares,acanizaresp0@aol.com,Ireland
Vernice,Cirlos,vcirlosp1@delicious.com,New Zealand
Morty,Lavers,mlaversp2@mapquest.com,Philippines
Cathyleen,Sterling,csterlingp3@springer.com,South Korea
Salome,Spalls,sspallsp4@businessweek.com,China
Imogene,Woolacott,iwoolacottp5@woothemes.com,China
Joaquin,Rieger,jriegerp6@census.gov,Colombia
Brenda,Poston,bpostonp7@google.ru,Canada
Juliette,Brayson,jbraysonp8@google.it,Japan
Natalie,Mac,nmacp9@amazon.co.uk,Israel
Elizabeth,Decroix,edecroixpa@istockphoto.com,Philippines
Leon,Idney,lidneypb@kickstarter.com,China
Vincent,Parsell,vparsellpc@nps.gov,Canada
Rozella,Naden,rnadenpd@deliciousdays.com,Mexico
Dede,Moorhead,dmoorheadpe@bravesites.com,China
Nicolais,Morcombe,nmorcombepf@vinaora.com,Russia
Stacee,Cullity,scullitypg@adobe.com,Croatia
Sully,Village,svillageph@buzzfeed.com,Russia
Ariella,Tunna,atunnapi@ifeng.com,China
Adan,Trehearne,atrehearnepj@sourceforge.net,Indonesia
Shannon,Steddall,ssteddallpk@mashable.com,China
Marisa,Adamovitch,madamovitchpl@vinaora.com,Bulgaria
Dorie,Tomankiewicz,dtomankiewiczpm@unesco.org,Croatia
Bendicty,Loadwick,bloadwickpn@businessweek.com,Indonesia
Cecelia,Pieroni,cpieronipo@toplist.cz,Ukraine
Lewiss,Mc Ilwrick,lmcilwrickpp@reddit.com,Peru
Delainey,Wisby,dwisbypq@loc.gov,Netherlands
Barry,Ralestone,bralestonepr@addthis.com,Indonesia
Hadley,Gerrelts,hgerreltsps@dailymotion.com,Sweden
Rubia,Rosander,rrosanderpt@amazon.co.jp,China
Corey,Aubrey,caubreypu@123-reg.co.uk,Brazil
Renelle,O'Lagen,rolagenpv@usa.gov,Poland
Haley,Braithwait,hbraithwaitpw@cocolog-nifty.com,Sweden
Morley,Cottage,mcottagepx@surveymonkey.com,South Korea
Emmott,Hundal,ehundalpy@mtv.com,Cameroon
Laurette,Vanyukov,lvanyukovpz@aol.com,China
Alisun,Studdal,astuddalq0@telegraph.co.uk,Bolivia
Augusto,Durrell,adurrellq1@woothemes.com,Equatorial Guinea
Jelene,Louedey,jlouedeyq2@chronoengine.com,Cameroon
Ivan,Ronisch,ironischq3@scribd.com,Kyrgyzstan
Sal,Gislebert,sgislebertq4@unesco.org,Honduras
Lissy,Stanwix,lstanwixq5@engadget.com,China
Rachel,Ubsdell,rubsdellq6@bloomberg.com,United States
Yance,Retallick,yretallickq7@trellian.com,Albania
Myranda,Ferdinand,mferdinandq8@mit.edu,Czech Republic
Yehudit,Dorset,ydorsetq9@list-manage.com,China
Lisetta,Drynan,ldrynanqa@va.gov,Poland
Allene,Barajas,abarajasqb@amazon.com,Greece
Lucilia,Costellow,lcostellowqc@scribd.com,South Africa
Jamie,MacCook,jmaccookqd@bandcamp.com,China
Dorine,Chadband,dchadbandqe@csmonitor.com,China
Jocko,Brehault,jbrehaultqf@last.fm,China
Grazia,Eyton,geytonqg@ycombinator.com,Argentina
Zaria,Kemme,zkemmeqh@shutterfly.com,Panama
Hastie,Fernant,hfernantqi@fda.gov,Argentina
Edyth,Zywicki,ezywickiqj@japanpost.jp,Estonia
Reuben,Croote,rcrooteqk@mysql.com,Dominican Republic
Linea,Durtnall,ldurtnallql@apple.com,Japan
Catherine,Jacomb,cjacombqm@xing.com,China
Domenico,Westnedge,dwestnedgeqn@columbia.edu,Argentina
Morly,Linfoot,mlinfootqo@oakley.com,Ukraine
Iolanthe,Fenich,ifenichqp@godaddy.com,China
Kiah,Piburn,kpiburnqq@blogs.com,Russia
Tish,Phinnis,tphinnisqr@elpais.com,Poland
Chelsey,Toffanelli,ctoffanelliqs@uol.com.br,Russia
Celka,Paradis,cparadisqt@xinhuanet.com,China
Kellie,Doghartie,kdoghartiequ@stumbleupon.com,Indonesia
Salvador,Doggerell,sdoggerellqv@abc.net.au,Portugal
Vaughan,Curnnok,vcurnnokqw@mozilla.com,Sweden
Hallie,Ginn,hginnqx@mozilla.com,Sweden
Arabella,Visick,avisickqy@jigsy.com,China
Emmit,Svanini,esvaniniqz@tripadvisor.com,China
Cordie,Ladewig,cladewigr0@surveymonkey.com,Finland
Ninon,Stennet,nstennetr1@jimdo.com,Honduras
Pamela,Element,pelementr2@i2i.jp,China
Marijn,Jaynes,mjaynesr3@mtv.com,Indonesia
Cindee,Sisse,csisser4@deviantart.com,Morocco
Mollie,Charters,mchartersr5@woothemes.com,Peru
Junette,Senechell,jsenechellr6@disqus.com,Indonesia
Zulema,Exall,zexallr7@posterous.com,Indonesia
Trudie,Machans,tmachansr8@hud.gov,Vietnam
Marcel,Draysey,mdrayseyr9@list-manage.com,Peru
Alvy,Sivyour,asivyourra@boston.com,Russia
Tam,Kerrey,tkerreyrb@freewebs.com,Peru
Izaak,Ditzel,iditzelrc@prlog.org,China
Gisele,Swain,gswainrd@creativecommons.org,Greece
Anne-marie,Corneliussen,acorneliussenre@shareasale.com,Seychelles
Jodi,Airdrie,jairdrierf@delicious.com,Sri Lanka
Benyamin,Clutterham,bclutterhamrg@bluehost.com,Indonesia
Karie,Yeates,kyeatesrh@guardian.co.uk,Ireland
Brady,Brennen,bbrennenri@senate.gov,Indonesia
Riannon,Congrave,rcongraverj@marriott.com,Djibouti
Vilhelmina,Liversedge,vliversedgerk@ft.com,France
Rolland,Ledner,rlednerrl@uol.com.br,Philippines
Farrell,Urch,furchrm@cyberchimps.com,Russia
Ximenez,Mate,xmatern@buzzfeed.com,Brazil
Martelle,Beswick,mbeswickro@blog.com,China
Clea,Railton,crailtonrp@nydailynews.com,Indonesia
Yolande,Tansley,ytansleyrq@csmonitor.com,Indonesia
Dode,Wear,dwearrr@newyorker.com,Russia
